model,beta,mig,elbo
ps,1,0.10438772019889654,-69.68395223496836
neg,1,0.10140580578791468,-73.1692049050633
bvae,1,-0.0016379300321859053,-71.1093008306962
sepvae,1,0.08485984328516638,-73.84097483188292
mlvae,1,0.048059236997582425,-74.14929044699367
gvae,1,0.12123266738438855,-76.2736970925633
